id,first_name,last_name,email,gender,ip_address
1,Ossie,Scemp,oscemp0@360.cn,Male,1.126.142.159
2,Allyn,McNess,amcness1@buzzfeed.com,Male,63.194.155.7
3,Ceil,Darmody,cdarmody2@i2i.jp,Female,158.86.37.208
4,Sissy,Gershom,sgershom3@senate.gov,Female,139.144.163.205
5,Carol,Caddan,ccaddan4@sogou.com,Female,168.191.121.28
6,Teddy,Stockdale,tstockdale5@taobao.com,Male,45.70.116.52
7,Elane,Melmeth,emelmeth6@cbc.ca,Female,147.79.59.210
8,Frederica,Kuhn,fkuhn7@phoca.cz,Female,125.46.6.85
9,Franny,Starrs,fstarrs8@issuu.com,Male,39.75.221.127
10,Pepe,Albert,palbert9@fema.gov,Male,207.167.2.92
11,Doralia,Choak,dchoaka@hubpages.com,Female,233.237.143.1
12,Paolo,Fealy,pfealyb@symantec.com,Male,119.129.234.172
13,Torrey,Deuss,tdeussc@ask.com,Male,20.196.201.184
14,Galven,McKeller,gmckellerd@youtube.com,Male,226.189.221.32
15,Adrianne,Denver,adenvere@mashable.com,Female,14.21.176.35
16,Rebbecca,Elijahu,relijahuf@japanpost.jp,Female,27.173.253.25
17,Bibby,Rielly,briellyg@adobe.com,Female,120.141.225.166
18,Arin,Puttnam,aputtnamh@yelp.com,Male,96.52.1.116
19,Moselle,Dabney,mdabneyi@ehow.com,Female,218.178.55.230
20,Jorie,Husk,jhuskj@github.com,Female,195.161.73.104
21,Rickie,McKinlay,rmckinlayk@illinois.edu,Male,130.125.28.34
22,Andrea,Escalero,aescalerol@mysql.com,Male,157.133.165.188
23,Jakob,Filppetti,jfilppettim@networksolutions.com,Male,32.79.209.150
24,Humfrey,Tregunnah,htregunnahn@techcrunch.com,Male,77.174.133.37
25,Othello,McGillivray,omcgillivrayo@t-online.de,Male,40.174.163.196
26,Cornell,Lidierth,clidierthp@360.cn,Male,149.14.191.251
27,Auria,Hyndley,ahyndleyq@mediafire.com,Female,64.47.197.214
28,Moyna,Griswaite,mgriswaiter@deliciousdays.com,Female,42.100.68.77
29,Arlen,Coard,acoards@etsy.com,Male,171.0.250.184
30,Constantia,Dolling,cdollingt@loc.gov,Female,171.33.100.27
31,Shane,Wasmer,swasmeru@geocities.jp,Female,36.248.130.148
32,Celine,Dominighi,cdominighiv@si.edu,Female,160.221.247.171
33,Mohandas,McKilroe,mmckilroew@ox.ac.uk,Male,204.237.36.77
34,Keven,Mingus,kmingusx@nps.gov,Male,49.138.204.48
35,Hannis,Krystof,hkrystofy@springer.com,Female,52.167.155.202
36,Karoly,Yglesia,kyglesiaz@disqus.com,Male,141.144.218.243
37,Fidole,Passe,fpasse10@altervista.org,Male,157.209.60.75
38,Burg,Pattle,bpattle11@bandcamp.com,Male,112.161.88.142
39,Sissie,Stillwell,sstillwell12@salon.com,Female,151.147.80.8
40,Roberta,Gilbanks,rgilbanks13@slideshare.net,Female,102.106.156.98
41,Lily,Gilford,lgilford14@icq.com,Female,132.42.171.135
42,Abbey,Scorer,ascorer15@squarespace.com,Male,185.189.48.79
43,Caitrin,Jagielski,cjagielski16@printfriendly.com,Female,233.147.142.94
44,Brigit,Place,bplace17@de.vu,Female,62.49.3.253
45,Fowler,Mulvenna,fmulvenna18@sina.com.cn,Male,197.15.84.24
46,Tirrell,Duck,tduck19@ow.ly,Male,120.52.94.213
47,Arel,Sprigin,asprigin1a@shop-pro.jp,Male,54.104.186.64
48,Klarrisa,Hallin,khallin1b@fastcompany.com,Female,171.8.252.190
49,Lawry,Panner,lpanner1c@angelfire.com,Male,12.171.237.179
50,Jojo,Alan,jalan1d@aol.com,Female,58.176.32.16
51,Else,Lere,elere1e@photobucket.com,Female,220.228.108.108
52,Maxy,Velez,mvelez1f@icq.com,Male,251.136.50.141
53,Daffie,Werlock,dwerlock1g@sakura.ne.jp,Female,64.79.110.109
54,Gar,Pearcy,gpearcy1h@nydailynews.com,Male,46.96.47.214
55,Ermanno,Muddiman,emuddiman1i@cyberchimps.com,Male,65.67.173.105
56,Hugh,Morfell,hmorfell1j@hp.com,Male,58.88.59.96
57,Devy,Romme,dromme1k@live.com,Male,156.36.238.220
58,Ericha,Adiscot,eadiscot1l@patch.com,Female,89.224.61.153
59,Ashia,Pether,apether1m@shareasale.com,Female,80.99.94.89
60,Poul,Vardey,pvardey1n@vk.com,Male,166.133.121.127
61,Romeo,Blazejewski,rblazejewski1o@cornell.edu,Male,125.239.197.98
62,Ginny,Ettels,gettels1p@blogger.com,Female,189.191.177.111
63,Kingsley,Jedrzej,kjedrzej1q@google.ca,Male,219.249.187.164
64,Halette,Goacher,hgoacher1r@cbsnews.com,Female,235.202.157.59
65,Tomkin,Koschek,tkoschek1s@google.com.au,Male,88.146.154.94
66,Morgen,McIlwrath,mmcilwrath1t@globo.com,Male,9.56.51.126
67,Jammal,Symcock,jsymcock1u@walmart.com,Male,66.61.136.31
68,Jae,Olivie,jolivie1v@tripadvisor.com,Male,32.19.0.132
69,Levy,Tribbeck,ltribbeck1w@mediafire.com,Male,67.168.100.77
70,Renae,Jaime,rjaime1x@list-manage.com,Female,115.134.143.80
71,Giusto,Lilley,glilley1y@vk.com,Male,104.230.105.239
72,Marrilee,Sketcher,msketcher1z@bravesites.com,Female,129.104.22.21
73,Beret,Mapstone,bmapstone20@miibeian.gov.cn,Female,36.56.254.42
74,Kiersten,Meneer,kmeneer21@amazon.de,Female,6.137.223.36
75,Alexandro,Adshed,aadshed22@cpanel.net,Male,32.95.159.40
76,Clementia,Lorraway,clorraway23@icio.us,Female,124.241.221.179
77,Blakeley,Allsworth,ballsworth24@cdc.gov,Female,124.27.84.101
78,Thom,Goldup,tgoldup25@google.co.uk,Male,54.97.13.159
79,Irvine,Sampson,isampson26@google.de,Male,30.27.39.117
80,Cordi,Buche,cbuche27@bloomberg.com,Female,125.170.108.156
81,Tobiah,Rainville,trainville28@bizjournals.com,Male,210.178.37.49
82,Tripp,McPeake,tmcpeake29@state.gov,Male,64.4.234.108
83,Trish,Laxtonne,tlaxtonne2a@microsoft.com,Female,128.155.207.60
84,Zach,Eastgate,zeastgate2b@tamu.edu,Male,118.253.163.221
85,Alane,Olkowicz,aolkowicz2c@wikia.com,Female,52.144.106.155
86,Ingrim,Greschik,igreschik2d@drupal.org,Male,125.44.82.18
87,Alexio,Dundridge,adundridge2e@yahoo.co.jp,Male,56.245.253.105
88,Siward,Smuth,ssmuth2f@last.fm,Male,120.186.236.27
89,Rubina,Braisby,rbraisby2g@joomla.org,Female,45.104.71.254
90,Jeannie,Cagan,jcagan2h@apache.org,Female,87.186.146.55
91,Tiffie,Gallacher,tgallacher2i@utexas.edu,Female,33.174.186.224
92,Eda,D'Ambrogio,edambrogio2j@independent.co.uk,Female,180.63.212.115
93,Hill,Chettle,hchettle2k@hao123.com,Male,128.171.172.18
94,Loraine,Astall,lastall2l@mlb.com,Female,194.10.15.58
95,Penny,Maidment,pmaidment2m@wp.com,Male,8.116.85.59
96,Umeko,Bondar,ubondar2n@desdev.cn,Female,23.210.135.77
97,Merry,Loan,mloan2o@sourceforge.net,Female,28.14.148.137
98,Field,Kyd,fkyd2p@usda.gov,Male,48.28.58.102
99,Lani,Defrain,ldefrain2q@irs.gov,Female,87.91.37.179
100,Allyce,Reeken,areeken2r@xrea.com,Female,50.119.129.26
101,Cortie,Christiensen,cchristiensen2s@g.co,Male,230.253.239.141
102,Micheal,Queen,mqueen2t@amazon.co.jp,Male,203.58.52.205
103,Morrie,Hattersley,mhattersley2u@nature.com,Male,136.210.16.73
104,Stacie,Parades,sparades2v@goo.gl,Female,218.17.211.73
105,Clemente,Sonley,csonley2w@japanpost.jp,Male,233.51.67.107
106,Arlen,McFarland,amcfarland2x@biblegateway.com,Female,100.143.11.252
107,Magdalen,McKissack,mmckissack2y@wikimedia.org,Female,22.83.241.165
108,Codi,Buffin,cbuffin2z@vkontakte.ru,Male,91.131.153.165
109,Ransell,Keuning,rkeuning30@free.fr,Male,208.203.97.199
110,Juliette,Vallintine,jvallintine31@opera.com,Female,96.111.31.208
111,Lexine,Fosdick,lfosdick32@qq.com,Female,71.235.245.141
112,Trula,Snowden,tsnowden33@surveymonkey.com,Female,153.2.66.214
113,Celinda,Cowdroy,ccowdroy34@qq.com,Female,188.153.74.53
114,Rafferty,Hamer,rhamer35@canalblog.com,Male,59.134.135.212
115,Hill,Coogan,hcoogan36@nytimes.com,Male,4.146.214.154
116,Nerty,Edwin,nedwin37@icq.com,Female,46.228.67.68
117,Sherri,Matley,smatley38@eventbrite.com,Female,117.194.252.211
118,Balduin,Kollach,bkollach39@auda.org.au,Male,84.184.37.13
119,Toby,Ouldred,touldred3a@amazon.com,Male,3.181.196.43
120,Gaston,Sutcliffe,gsutcliffe3b@hostgator.com,Male,141.21.136.37
121,Arleyne,Gosnoll,agosnoll3c@omniture.com,Female,175.13.187.248
122,Jessi,Hubber,jhubber3d@si.edu,Female,145.163.53.235
123,Mariann,McReynolds,mmcreynolds3e@tiny.cc,Female,63.140.31.107
124,Wendie,Gerrens,wgerrens3f@163.com,Female,116.189.24.207
125,Shelly,Howett,showett3g@blogspot.com,Female,203.196.31.233
126,Chickie,Falconar,cfalconar3h@imdb.com,Male,114.184.32.174
127,Wyatt,Prendeville,wprendeville3i@smh.com.au,Male,160.141.70.166
128,Tod,Traske,ttraske3j@psu.edu,Male,120.35.255.241
129,Eliot,Sackler,esackler3k@msn.com,Male,105.179.81.104
130,Toni,Quarless,tquarless3l@booking.com,Female,219.43.135.181
131,Bary,Heardman,bheardman3m@wunderground.com,Male,189.102.49.64
132,Bianka,Jenks,bjenks3n@symantec.com,Female,198.240.126.120
133,Chlo,Henker,chenker3o@sakura.ne.jp,Female,65.76.2.25
134,Rochella,Walthall,rwalthall3p@jigsy.com,Female,22.226.96.185
135,Duky,Labba,dlabba3q@irs.gov,Male,157.186.72.140
136,Nathan,Fippe,nfippe3r@businesswire.com,Male,218.138.73.97
137,Teena,Collomosse,tcollomosse3s@cnet.com,Female,47.250.34.64
138,Jordan,Stening,jstening3t@ycombinator.com,Male,31.194.100.48
139,Nickolai,Kassel,nkassel3u@engadget.com,Male,6.89.110.105
140,Akim,Bartoleyn,abartoleyn3v@wp.com,Male,138.74.45.46
141,Viola,MacLaughlin,vmaclaughlin3w@independent.co.uk,Female,197.7.204.100
142,Dwight,Chaffin,dchaffin3x@china.com.cn,Male,231.169.80.13
143,Carroll,Stirland,cstirland3y@disqus.com,Female,241.202.204.252
144,Sherlock,Pegden,spegden3z@auda.org.au,Male,160.107.103.200
145,Halie,Jaukovic,hjaukovic40@cdc.gov,Female,29.95.96.162
146,Jillane,Baldacchi,jbaldacchi41@phpbb.com,Female,75.94.18.106
147,Elbert,Seilmann,eseilmann42@de.vu,Male,109.131.182.251
148,Hendrick,Westman,hwestman43@arizona.edu,Male,209.81.87.116
149,Estrella,Blenkinsop,eblenkinsop44@google.com,Female,22.7.3.95
150,Valida,Glacken,vglacken45@salon.com,Female,43.15.155.141
151,Kurtis,Cruwys,kcruwys46@archive.org,Male,92.82.58.97
152,Olympie,Reitenbach,oreitenbach47@marriott.com,Female,61.80.7.104
153,Fredek,Botwright,fbotwright48@fda.gov,Male,87.50.26.13
154,Reynold,Naisey,rnaisey49@harvard.edu,Male,180.12.216.38
155,Gerri,Tooke,gtooke4a@amazonaws.com,Male,180.172.253.180
156,Griffith,Lillywhite,glillywhite4b@archive.org,Male,132.177.38.126
157,Glory,Matussow,gmatussow4c@wunderground.com,Female,219.224.136.106
158,Cristine,Mulvenna,cmulvenna4d@dedecms.com,Female,90.106.157.36
159,Vittoria,Konert,vkonert4e@digg.com,Female,197.225.16.213
160,Katherine,Gartside,kgartside4f@epa.gov,Female,145.154.0.132
161,Gerard,Worledge,gworledge4g@blogger.com,Male,72.206.225.17
162,Cass,Lind,clind4h@scribd.com,Female,69.155.226.32
163,Whitney,Dowears,wdowears4i@narod.ru,Male,239.5.3.122
164,Mab,Goncaves,mgoncaves4j@goodreads.com,Female,11.144.89.200
165,Barbette,Rudham,brudham4k@wikimedia.org,Female,231.128.184.55
166,Arlen,Mallaby,amallaby4l@theguardian.com,Male,219.186.26.65
167,Timmie,Clows,tclows4m@github.com,Female,18.204.151.56
168,Bryn,Strotone,bstrotone4n@eventbrite.com,Male,245.73.138.151
169,Leonora,Smewin,lsmewin4o@cloudflare.com,Female,255.13.210.35
170,Ellynn,Toal,etoal4p@macromedia.com,Female,93.140.19.51
171,Gianna,Terbruggen,gterbruggen4q@google.it,Female,34.242.217.173
172,Emmeline,Kildale,ekildale4r@smugmug.com,Female,29.195.4.193
173,Zebedee,Whinray,zwhinray4s@stanford.edu,Male,101.160.150.253
174,Cassie,Bartelli,cbartelli4t@fastcompany.com,Male,117.126.254.194
175,Tonnie,Ewington,tewington4u@163.com,Male,97.10.165.0
176,Maribel,Durrington,mdurrington4v@fema.gov,Female,86.86.237.2
177,Elicia,Corwood,ecorwood4w@omniture.com,Female,120.203.189.237
178,Sig,Poulden,spoulden4x@cnbc.com,Male,84.69.174.116
179,Tammy,Caverhill,tcaverhill4y@slideshare.net,Male,225.34.227.156
180,Charmain,Hitzschke,chitzschke4z@theatlantic.com,Female,19.175.203.83
181,Gun,Kaser,gkaser50@tripadvisor.com,Male,10.95.203.8
182,Giles,Dyerson,gdyerson51@github.io,Male,138.194.53.15
183,Johnath,D'Avaux,jdavaux52@gmpg.org,Female,27.141.254.92
184,Trip,Lippatt,tlippatt53@biblegateway.com,Male,160.79.211.204
185,Rorie,Honig,rhonig54@hugedomains.com,Female,90.60.143.142
186,Nonie,Farnsworth,nfarnsworth55@toplist.cz,Female,30.100.108.101
187,Padget,Begin,pbegin56@usnews.com,Male,122.61.133.161
188,Leontyne,Kesteven,lkesteven57@soundcloud.com,Female,151.200.78.133
189,Andrei,Gauson,agauson58@multiply.com,Female,120.184.87.243
190,Michaelina,Harhoff,mharhoff59@mail.ru,Female,81.195.108.250
191,Alric,Ruit,aruit5a@theguardian.com,Male,33.44.93.180
192,Kingsley,McBain,kmcbain5b@sohu.com,Male,123.217.246.218
193,Helena,Cowhig,hcowhig5c@bloglovin.com,Female,240.103.194.191
194,Gallard,Kidston,gkidston5d@seesaa.net,Male,37.174.82.163
195,Horace,Venton,hventon5e@netlog.com,Male,150.203.153.0
196,Emyle,Dunster,edunster5f@wikipedia.org,Female,235.160.225.178
197,Emmanuel,Mattisssen,emattisssen5g@themeforest.net,Male,69.135.46.224
198,Vasilis,Summerly,vsummerly5h@cnet.com,Male,21.56.6.41
199,Eugen,Lyford,elyford5i@sakura.ne.jp,Male,83.176.34.237
200,Odelinda,Gave,ogave5j@wordpress.org,Female,37.241.195.85
201,Chester,Fricke,cfricke5k@geocities.jp,Male,197.25.159.68
202,Petronia,Pearlman,ppearlman5l@canalblog.com,Female,145.18.83.61
203,Sarita,Pietzker,spietzker5m@weebly.com,Female,253.98.118.54
204,Reinald,Wenden,rwenden5n@people.com.cn,Male,184.107.233.52
205,Lynea,Atcherley,latcherley5o@about.me,Female,122.101.19.197
206,Sheba,De Mattei,sdemattei5p@alexa.com,Female,188.255.60.120
207,Karalynn,Smythe,ksmythe5q@gnu.org,Female,180.102.2.61
208,Troy,Bruffell,tbruffell5r@craigslist.org,Male,103.191.4.141
209,Kristoforo,Dyde,kdyde5s@e-recht24.de,Male,39.37.8.0
210,Eba,Vesco,evesco5t@cpanel.net,Female,48.53.51.169
211,Maxi,Georgeson,mgeorgeson5u@booking.com,Female,183.196.199.42
212,Norma,Gair,ngair5v@arizona.edu,Female,78.121.84.28
213,Cecilia,Mattingley,cmattingley5w@narod.ru,Female,62.92.207.173
214,Amby,Parkhouse,aparkhouse5x@macromedia.com,Male,108.248.188.59
215,Alair,Roubert,aroubert5y@rambler.ru,Male,31.180.186.208
216,Fayette,Persey,fpersey5z@si.edu,Female,72.249.192.230
217,Kliment,Graeme,kgraeme60@amazonaws.com,Male,82.199.195.59
218,Vally,Golsby,vgolsby61@netscape.com,Female,132.72.121.238
219,Cobb,Aven,caven62@canalblog.com,Male,90.243.116.50
220,Marylee,Fitzgerald,mfitzgerald63@statcounter.com,Female,77.141.226.78
221,Arni,Cliburn,acliburn64@nyu.edu,Male,0.195.7.192
222,Mickie,Jerke,mjerke65@archive.org,Female,148.37.213.88
223,Fransisco,Eates,feates66@apache.org,Male,181.38.160.215
224,Kaylee,Kurtis,kkurtis67@japanpost.jp,Female,82.138.103.89
225,Rowney,Byart,rbyart68@goo.ne.jp,Male,130.190.111.206
226,Norris,Tweedle,ntweedle69@elpais.com,Male,91.39.130.47
227,Ewell,Kerrod,ekerrod6a@noaa.gov,Male,52.38.33.161
228,Nathan,Pyer,npyer6b@google.it,Male,226.26.166.89
229,Joann,Capel,jcapel6c@bbb.org,Female,77.242.60.62
230,Pablo,Otter,potter6d@vistaprint.com,Male,100.39.221.88
231,Ewen,Spacie,espacie6e@theglobeandmail.com,Male,53.73.44.232
232,Bianka,Cringle,bcringle6f@auda.org.au,Female,170.128.185.105
233,Gannie,Heinrich,gheinrich6g@house.gov,Male,152.254.146.202
234,Tull,Alen,talen6h@sciencedirect.com,Male,102.157.145.103
235,Eachelle,Jayme,ejayme6i@altervista.org,Female,209.57.146.14
236,Paxon,Golly,pgolly6j@oracle.com,Male,189.7.40.240
237,Eb,Petruska,epetruska6k@jiathis.com,Male,2.46.80.200
238,Lolly,Feld,lfeld6l@si.edu,Female,158.181.39.129
239,Obediah,Roze,oroze6m@discuz.net,Male,154.83.27.113
240,Abraham,Loudon,aloudon6n@google.cn,Male,24.142.61.3
241,Angus,Stratz,astratz6o@uol.com.br,Male,162.216.64.28
242,Bettye,Shemelt,bshemelt6p@newyorker.com,Female,76.166.213.118
243,Merissa,Gostyke,mgostyke6q@wix.com,Female,147.160.34.155
244,Jilly,Carvill,jcarvill6r@vk.com,Female,236.94.171.74
245,Karim,Lowerson,klowerson6s@ow.ly,Male,143.39.77.13
246,Dorice,Lyptratt,dlyptratt6t@cloudflare.com,Female,56.95.196.140
247,Charmaine,McMinn,cmcminn6u@oakley.com,Female,190.40.145.212
248,Warden,Crack,wcrack6v@cnn.com,Male,14.71.68.38
249,Bibbie,Soughton,bsoughton6w@privacy.gov.au,Female,30.172.71.248
250,Meir,Isabell,misabell6x@msn.com,Male,33.254.78.137
251,Doroteya,McKnish,dmcknish6y@nifty.com,Female,60.98.201.79
252,Bendite,Windus,bwindus6z@livejournal.com,Female,241.80.244.120
253,Marc,Duligal,mduligal70@wikimedia.org,Male,218.244.190.125
254,Taddeo,Wolstenholme,twolstenholme71@altervista.org,Male,210.201.162.86
255,Carly,Hedau,chedau72@purevolume.com,Male,209.164.138.243
256,Alyosha,Sandbrook,asandbrook73@auda.org.au,Male,174.250.0.81
257,Damon,De Biaggi,ddebiaggi74@who.int,Male,109.169.6.103
258,Grantley,Dalgliesh,gdalgliesh75@example.com,Male,157.24.31.52
259,Frannie,Frantsev,ffrantsev76@ucla.edu,Male,155.165.250.227
260,Ferdy,Masi,fmasi77@imdb.com,Male,241.121.26.176
261,Dianemarie,Josephs,djosephs78@hubpages.com,Female,253.117.161.97
262,Jackson,Philcott,jphilcott79@ycombinator.com,Male,25.216.232.77
263,Dalton,Hodinton,dhodinton7a@addthis.com,Male,223.40.221.102
264,Celestyn,McLanaghan,cmclanaghan7b@mtv.com,Female,244.6.107.204
265,Dar,Scimonelli,dscimonelli7c@purevolume.com,Male,112.247.151.174
266,Payton,Feldberg,pfeldberg7d@51.la,Male,199.68.191.11
267,Anabal,Kleuer,akleuer7e@jugem.jp,Female,218.160.253.224
268,Sibyl,Pummery,spummery7f@1und1.de,Female,213.246.84.182
269,Kathie,Januszkiewicz,kjanuszkiewicz7g@forbes.com,Female,164.122.202.15
270,Galven,Diver,gdiver7h@163.com,Male,198.122.129.207
271,Hilario,Cropper,hcropper7i@google.com.au,Male,252.236.43.91
272,Arlin,Molnar,amolnar7j@engadget.com,Male,138.53.106.4
273,Enriqueta,Artist,eartist7k@ucoz.com,Female,49.175.153.230
274,Cullin,Cromley,ccromley7l@fastcompany.com,Male,15.110.6.157
275,Grace,Audrey,gaudrey7m@netvibes.com,Male,152.182.142.57
276,Leda,Ivy,livy7n@sakura.ne.jp,Female,198.136.75.174
277,Arte,Falla,afalla7o@google.ca,Male,146.56.83.34
278,Ban,Killwick,bkillwick7p@1und1.de,Male,238.84.221.109
279,Ephrayim,Huckett,ehuckett7q@xing.com,Male,52.180.138.241
280,Ramona,Sillito,rsillito7r@soundcloud.com,Female,152.213.198.142
281,Bessy,Cleaver,bcleaver7s@scribd.com,Female,217.241.150.75
282,Marjory,Pimley,mpimley7t@wikimedia.org,Female,219.9.43.161
283,Ann,Gavigan,agavigan7u@dot.gov,Female,42.43.235.221
284,Orren,Giuroni,ogiuroni7v@marketwatch.com,Male,53.26.56.21
285,Isis,De Ruggero,ideruggero7w@dropbox.com,Female,172.105.88.175
286,Muffin,Paquet,mpaquet7x@abc.net.au,Male,60.68.75.158
287,Alfonse,O'Cuddie,aocuddie7y@twitter.com,Male,180.139.100.21
288,Marcelo,Durbann,mdurbann7z@mtv.com,Male,177.185.9.205
289,Barnabas,Toye,btoye80@meetup.com,Male,194.161.236.207
290,Flor,Djekovic,fdjekovic81@census.gov,Female,134.131.6.133
291,Yolanda,Vitler,yvitler82@yahoo.co.jp,Female,68.10.136.180
292,Mikael,Blachford,mblachford83@tumblr.com,Male,19.179.71.173
293,Amory,Willcot,awillcot84@sogou.com,Male,12.129.156.25
294,Lynn,Acreman,lacreman85@prlog.org,Female,113.16.113.113
295,Ermin,Napolitano,enapolitano86@weibo.com,Male,124.124.251.243
296,Kathy,Blyden,kblyden87@dedecms.com,Female,154.119.9.4
297,Geordie,Olijve,golijve88@theglobeandmail.com,Male,148.65.254.1
298,Adena,Screase,ascrease89@berkeley.edu,Female,193.74.124.207
299,Amabelle,Wileman,awileman8a@storify.com,Female,156.12.191.114
300,Mateo,O'Farris,mofarris8b@diigo.com,Male,236.120.149.219
301,Eamon,Godney,egodney8c@cnet.com,Male,150.21.254.83
302,Renard,Durante,rdurante8d@tumblr.com,Male,228.87.117.235
303,Lorianna,Teggart,lteggart8e@sfgate.com,Female,68.63.77.199
304,Ulrika,Bromhead,ubromhead8f@java.com,Female,156.78.14.149
305,Waverly,Timny,wtimny8g@123-reg.co.uk,Male,101.226.15.35
306,Marion,Rofe,mrofe8h@sakura.ne.jp,Male,199.87.187.66
307,Tedmund,Fitchew,tfitchew8i@go.com,Male,4.94.235.165
308,Mikael,Eliez,meliez8j@com.com,Male,26.231.196.160
309,Farleigh,Messent,fmessent8k@weibo.com,Male,210.10.92.97
310,Karina,Itzkov,kitzkov8l@mit.edu,Female,39.74.84.131
311,Myles,Rickasse,mrickasse8m@xinhuanet.com,Male,12.173.8.246
312,Lindsay,Baxster,lbaxster8n@g.co,Female,45.97.38.145
313,Pavla,Jopp,pjopp8o@loc.gov,Female,47.227.178.120
314,Corty,Legerton,clegerton8p@jugem.jp,Male,81.2.153.225
315,Vasilis,Dradey,vdradey8q@purevolume.com,Male,166.51.249.70
316,Roselle,Besnard,rbesnard8r@opensource.org,Female,181.176.66.54
317,Eugene,Lorenzini,elorenzini8s@slashdot.org,Male,43.137.195.91
318,Hazel,Giraudo,hgiraudo8t@huffingtonpost.com,Female,28.5.227.242
319,Phil,Barhams,pbarhams8u@facebook.com,Female,192.53.243.252
320,Lamar,Mallon,lmallon8v@pagesperso-orange.fr,Male,249.203.117.175
321,Dru,Manach,dmanach8w@google.nl,Female,185.227.215.218
322,Nessi,Hoppner,nhoppner8x@is.gd,Female,159.248.236.173
323,Elora,Damiral,edamiral8y@blinklist.com,Female,127.103.220.166
324,Vernon,Ambrois,vambrois8z@rambler.ru,Male,125.173.157.4
325,Dolley,Sibbit,dsibbit90@statcounter.com,Female,35.56.75.57
326,Tiffany,Debney,tdebney91@google.ca,Female,73.82.235.11
327,Fallon,Joplin,fjoplin92@livejournal.com,Female,253.64.107.24
328,Jacenta,Hessing,jhessing93@so-net.ne.jp,Female,107.32.216.186
329,Kyle,Copes,kcopes94@jimdo.com,Male,149.37.196.221
330,Sam,Florence,sflorence95@wp.com,Male,213.82.43.228
331,Lonee,Brann,lbrann96@facebook.com,Female,248.174.141.248
332,Dedie,Toal,dtoal97@theguardian.com,Female,54.21.167.56
333,Mordy,Over,mover98@boston.com,Male,145.234.81.32
334,Eduino,Sappell,esappell99@ihg.com,Male,114.221.212.171
335,Joeann,Rown,jrown9a@sun.com,Female,8.200.226.207
336,Emmaline,Glentz,eglentz9b@biblegateway.com,Female,40.5.13.136
337,Windham,Bumby,wbumby9c@craigslist.org,Male,245.135.22.39
338,Salmon,Hopkynson,shopkynson9d@loc.gov,Male,130.202.3.242
339,Tiphani,Foulks,tfoulks9e@tuttocitta.it,Female,221.251.141.105
340,Quint,Pirozzi,qpirozzi9f@trellian.com,Male,91.109.22.124
341,Marietta,Tulloch,mtulloch9g@jimdo.com,Female,28.122.111.167
342,Nicky,Pidon,npidon9h@nymag.com,Male,115.8.219.223
343,Trixie,Dee,tdee9i@epa.gov,Female,45.60.72.51
344,Sonnie,Worton,sworton9j@reddit.com,Male,33.122.235.109
345,Drake,Makin,dmakin9k@java.com,Male,70.235.214.142
346,Deborah,Pyper,dpyper9l@nps.gov,Female,240.240.156.55
347,Stephine,Matton,smatton9m@cargocollective.com,Female,117.41.131.23
348,Krishna,Pottage,kpottage9n@foxnews.com,Male,221.103.80.87
349,Cristobal,Broxis,cbroxis9o@bloomberg.com,Male,62.208.126.120
350,Ingrid,Woodings,iwoodings9p@guardian.co.uk,Female,140.207.213.169
351,Nesta,Chesson,nchesson9q@rediff.com,Female,23.158.154.56
352,Ellsworth,Saynor,esaynor9r@goo.gl,Male,42.228.116.44
353,Broddy,Ferneyhough,bferneyhough9s@cmu.edu,Male,250.50.193.179
354,Aloysia,Mallett,amallett9t@ovh.net,Female,162.2.94.139
355,Terri-jo,Peachey,tpeachey9u@i2i.jp,Female,16.240.247.150
356,Jeanette,Killiam,jkilliam9v@upenn.edu,Female,36.0.25.62
357,Lonna,McCowan,lmccowan9w@wp.com,Female,242.116.134.107
358,Monica,Impy,mimpy9x@bravesites.com,Female,141.224.52.116
359,Nara,Girkins,ngirkins9y@google.com.au,Female,11.131.150.12
360,Bambi,Biasini,bbiasini9z@pen.io,Female,29.149.65.192
361,Pet,Kahler,pkahlera0@wp.com,Female,225.9.163.74
362,Herb,Dignam,hdignama1@paypal.com,Male,134.175.190.180
363,Ambrosius,Gibbetts,agibbettsa2@google.com.au,Male,34.16.82.97
364,Willy,Rigler,wriglera3@wikispaces.com,Male,126.37.62.170
365,Rayner,Files,rfilesa4@1688.com,Male,228.126.165.24
366,Marys,Perott,mperotta5@abc.net.au,Female,231.127.241.56
367,Kaela,Hammatt,khammatta6@cyberchimps.com,Female,253.14.93.233
368,Lissi,Pollitt,lpollitta7@nba.com,Female,239.159.100.22
369,Cchaddie,Hazeldene,chazeldenea8@de.vu,Male,77.133.62.151
370,Mandie,Widd,mwidda9@house.gov,Female,228.102.20.182
371,Thibaut,Dominka,tdominkaaa@webmd.com,Male,193.79.92.219
372,Chloe,Sirey,csireyab@dailymail.co.uk,Female,236.222.65.236
373,Lion,Lorman,llormanac@msn.com,Male,228.51.106.91
374,Clifford,Hamshere,chamsheread@trellian.com,Male,26.54.144.89
375,Aurel,Batting,abattingae@soup.io,Female,96.32.58.183
376,Neil,Towers,ntowersaf@shutterfly.com,Male,182.44.93.252
377,Kelli,Ericssen,kericssenag@yahoo.co.jp,Female,217.181.192.153
378,Delmor,Aristide,daristideah@forbes.com,Male,182.14.119.121
379,Jami,Theis,jtheisai@usnews.com,Female,127.249.170.53
380,Urbano,Tinton,utintonaj@dagondesign.com,Male,158.210.24.34
381,Maryjane,Biasotti,mbiasottiak@digg.com,Female,28.189.212.95
382,Gizela,Rockhall,grockhallal@sbwire.com,Female,100.227.44.139
383,Bob,Proudman,bproudmanam@g.co,Male,27.197.148.143
384,Marieann,Crux,mcruxan@google.de,Female,234.181.118.31
385,Englebert,Biasetti,ebiasettiao@eventbrite.com,Male,114.17.58.229
386,Marika,McGillreich,mmcgillreichap@nytimes.com,Female,46.61.193.156
387,Dorry,Bore,dboreaq@smh.com.au,Female,171.97.209.149
388,Galen,Egglestone,gegglestonear@ed.gov,Male,11.167.153.2
389,Mandel,Torricella,mtorricellaas@wikimedia.org,Male,38.135.123.75
390,Joseph,Evill,jevillat@shinystat.com,Male,143.124.46.173
391,Adriena,Suttle,asuttleau@paginegialle.it,Female,123.68.245.202
392,Bartel,Leet,bleetav@hubpages.com,Male,83.44.51.246
393,Michell,Monier,mmonieraw@linkedin.com,Female,253.65.85.190
394,Elroy,Soars,esoarsax@buzzfeed.com,Male,240.211.20.34
395,Joel,Coleiro,jcoleiroay@pagesperso-orange.fr,Male,7.193.239.45
396,Dorena,Inman,dinmanaz@epa.gov,Female,96.153.160.109
397,Teodor,Verbeek,tverbeekb0@ameblo.jp,Male,243.126.68.206
398,Padraic,Rawe,praweb1@kickstarter.com,Male,164.106.247.77
399,Valentino,Furmston,vfurmstonb2@usda.gov,Male,33.101.165.95
400,Dennet,Field,dfieldb3@nhs.uk,Male,192.28.25.40
401,Rubia,Varvara,rvarvarab4@gmpg.org,Female,235.232.151.201
402,Florette,Burchfield,fburchfieldb5@eventbrite.com,Female,36.48.236.140
403,Scott,Phalip,sphalipb6@is.gd,Male,224.93.144.231
404,Julienne,Force,jforceb7@fda.gov,Female,171.2.27.29
405,Griffy,Riccardo,griccardob8@phoca.cz,Male,142.189.9.94
406,Gan,Toothill,gtoothillb9@cbsnews.com,Male,75.125.26.86
407,Hobart,Mathison,hmathisonba@cisco.com,Male,120.227.96.42
408,Kylen,Meininking,kmeininkingbb@about.me,Female,242.36.3.230
409,Marco,Nuemann,mnuemannbc@ucsd.edu,Male,108.140.17.184
410,Matty,Flucker,mfluckerbd@sciencedaily.com,Male,164.114.148.208
411,Korey,Fay,kfaybe@wikipedia.org,Male,228.3.189.16
412,Charlot,Giraldez,cgiraldezbf@ovh.net,Female,210.162.181.196
413,Charlotte,Bridgman,cbridgmanbg@bbb.org,Female,63.42.10.206
414,Shena,Seelbach,sseelbachbh@hao123.com,Female,58.112.253.193
415,Fidelia,Giovannardi,fgiovannardibi@timesonline.co.uk,Female,157.138.238.91
416,Con,Bonn,cbonnbj@utexas.edu,Female,16.117.78.40
417,Malchy,Goretti,mgorettibk@nsw.gov.au,Male,148.94.96.44
418,Juliane,Owlner,jowlnerbl@51.la,Female,61.122.188.159
419,Stanton,Mozzi,smozzibm@dailymail.co.uk,Male,187.199.236.85
420,Reina,Lipsett,rlipsettbn@t-online.de,Female,108.128.131.172
421,Gradey,Twinberrow,gtwinberrowbo@webeden.co.uk,Male,172.19.41.236
422,Lorant,Drohan,ldrohanbp@wix.com,Male,38.90.245.104
423,Godfry,Trass,gtrassbq@xrea.com,Male,66.104.105.163
424,Ignace,Lawee,ilaweebr@hc360.com,Male,194.76.115.167
425,Banky,Raiment,braimentbs@netvibes.com,Male,98.77.169.207
426,Judd,Fryers,jfryersbt@bluehost.com,Male,177.227.123.31
427,Charles,Feander,cfeanderbu@nydailynews.com,Male,218.228.97.214
428,Onida,Caulder,ocaulderbv@noaa.gov,Female,244.240.33.196
429,Hayes,Ebbles,hebblesbw@microsoft.com,Male,94.119.137.169
430,Blayne,Dunk,bdunkbx@aol.com,Male,121.232.184.65
431,Bastien,Moreno,bmorenoby@forbes.com,Male,85.92.32.246
432,Tomaso,Gilbard,tgilbardbz@nbcnews.com,Male,122.229.45.90
433,Sigismundo,Bassano,sbassanoc0@samsung.com,Male,138.52.227.162
434,Ginny,Caselick,gcaselickc1@goo.gl,Female,113.115.98.180
435,Caroline,Duetschens,cduetschensc2@amazon.de,Female,116.126.125.51
436,Karel,Lusher,klusherc3@umn.edu,Male,244.11.193.83
437,Silvio,Josephsen,sjosephsenc4@posterous.com,Male,141.49.82.103
438,Alika,Waterhowse,awaterhowsec5@redcross.org,Female,57.60.212.174
439,Regan,Fillimore,rfillimorec6@istockphoto.com,Male,170.74.207.31
440,Raimundo,Heartfield,rheartfieldc7@nsw.gov.au,Male,26.193.173.166
441,Maurice,Adam,madamc8@virginia.edu,Male,152.170.206.253
442,Ellene,Chill,echillc9@networkadvertising.org,Female,161.145.217.144
443,Ulises,Lindbergh,ulindberghca@google.com.hk,Male,83.168.51.252
444,Matilda,Hockell,mhockellcb@china.com.cn,Female,150.10.231.130
445,Nickolaus,Fairbourn,nfairbourncc@sfgate.com,Male,133.138.12.84
446,Anet,Betterton,abettertoncd@spiegel.de,Female,175.162.175.44
447,Gustavo,Crumpton,gcrumptonce@imgur.com,Male,252.46.76.105
448,Isa,Eburah,ieburahcf@harvard.edu,Female,55.66.131.134
449,Zebulen,Boldt,zboldtcg@mapy.cz,Male,201.195.62.161
450,Luther,Piddock,lpiddockch@techcrunch.com,Male,57.203.41.62
451,Sissie,Capaldi,scapaldici@bluehost.com,Female,164.210.147.182
452,Paddy,Josephov,pjosephovcj@telegraph.co.uk,Male,40.60.152.38
453,Miguelita,Josefowicz,mjosefowiczck@g.co,Female,92.181.199.224
454,Merrill,Boothe,mboothecl@gov.uk,Female,76.187.240.226
455,Jennifer,O'Tuohy,jotuohycm@chicagotribune.com,Female,218.248.85.147
456,Martyn,Pinilla,mpinillacn@cbslocal.com,Male,117.231.110.17
457,Jedd,Aikman,jaikmanco@huffingtonpost.com,Male,244.15.84.104
458,Mariel,Ivanchin,mivanchincp@altervista.org,Female,83.204.182.241
459,Giles,MacAllister,gmacallistercq@amazon.co.uk,Male,222.130.229.54
460,Evaleen,Kohtler,ekohtlercr@creativecommons.org,Female,87.177.70.194
461,Trish,Bratley,tbratleycs@slate.com,Female,22.28.0.112
462,Christiana,Batey,cbateyct@google.de,Female,94.252.102.181
463,Kerr,Blankhorn,kblankhorncu@phpbb.com,Male,246.178.163.186
464,Selene,Varden,svardencv@jalbum.net,Female,234.118.119.111
465,Jarret,Pincked,jpinckedcw@yahoo.com,Male,182.162.65.208
466,Muhammad,Doxey,mdoxeycx@icio.us,Male,129.102.217.233
467,Michael,Figiovanni,mfigiovannicy@nymag.com,Male,102.124.216.221
468,Granger,Fullstone,gfullstonecz@nature.com,Male,9.176.81.149
469,Hartwell,Jammet,hjammetd0@stumbleupon.com,Male,80.47.182.246
470,Valaree,McNelly,vmcnellyd1@scientificamerican.com,Female,75.39.200.187
471,Kristofor,Roeby,kroebyd2@webs.com,Male,165.208.170.223
472,Noelyn,Powling,npowlingd3@princeton.edu,Female,137.138.251.218
473,Aveline,Bolzen,abolzend4@umn.edu,Female,3.60.167.221
474,Lois,Harlick,lharlickd5@miibeian.gov.cn,Female,86.135.162.66
475,Sidonnie,Keeping,skeepingd6@mapquest.com,Female,220.99.194.170
476,Peggi,Ondra,pondrad7@google.es,Female,66.29.17.249
477,Ellene,Copin,ecopind8@google.it,Female,60.197.183.58
478,Arlina,Delamaine,adelamained9@latimes.com,Female,3.255.4.93
479,Antonetta,McKeachie,amckeachieda@irs.gov,Female,83.15.238.200
480,Shayna,Fairfull,sfairfulldb@reuters.com,Female,249.0.154.103
481,Gus,Ashbrook,gashbrookdc@upenn.edu,Male,211.97.7.0
482,Dov,Sargerson,dsargersondd@hhs.gov,Male,178.100.38.238
483,Caye,Skeggs,cskeggsde@friendfeed.com,Female,95.38.108.51
484,Freddie,Leeke,fleekedf@squarespace.com,Male,123.98.243.222
485,Manny,Ferriday,mferridaydg@japanpost.jp,Male,215.39.4.233
486,Eadith,Romei,eromeidh@furl.net,Female,35.87.15.153
487,Minnie,Salle,msalledi@microsoft.com,Female,82.120.250.84
488,Nealon,Scollard,nscollarddj@tiny.cc,Male,164.247.63.206
489,Benn,Barthod,bbarthoddk@dot.gov,Male,160.64.131.123
490,Erhard,Reder,erederdl@ow.ly,Male,220.105.182.61
491,Deonne,Eccleston,decclestondm@netvibes.com,Female,246.127.151.177
492,Giusto,O'Nion,goniondn@mac.com,Male,123.130.226.129
493,Kelcy,Allnatt,kallnattdo@domainmarket.com,Female,209.53.2.56
494,Bel,Janowicz,bjanowiczdp@japanpost.jp,Female,239.249.204.104
495,Genovera,Lamperd,glamperddq@infoseek.co.jp,Female,52.176.181.248
496,Margalo,Campanelle,mcampanelledr@ftc.gov,Female,122.30.2.47
497,Seymour,Sadat,ssadatds@chicagotribune.com,Male,53.54.195.242
498,Berti,Riggulsford,briggulsforddt@ca.gov,Female,146.221.29.212
499,Ezra,Winham,ewinhamdu@tamu.edu,Male,18.140.87.27
500,Kaela,Cockerton,kcockertondv@edublogs.org,Female,106.106.43.193
501,Ugo,Ormesher,uormesherdw@xing.com,Male,53.122.109.140
502,Delilah,Wade,dwadedx@barnesandnoble.com,Female,140.154.228.76
503,Gert,Prozescky,gprozesckydy@pinterest.com,Female,167.44.96.65
504,Hillery,Lockery,hlockerydz@wufoo.com,Male,255.91.93.216
505,Gretna,Landreth,glandrethe0@shareasale.com,Female,72.149.189.126
506,Myron,McNeillie,mmcneilliee1@unblog.fr,Male,210.189.16.111
507,Ervin,Barnby,ebarnbye2@patch.com,Male,200.47.13.200
508,Stanton,Linturn,slinturne3@msn.com,Male,238.178.105.117
509,Dollie,Bebbell,dbebbelle4@yahoo.co.jp,Female,155.60.115.24
510,Romain,Doxey,rdoxeye5@nsw.gov.au,Male,138.241.219.188
511,Harriott,Ramet,hramete6@mozilla.com,Female,87.51.77.60
512,Saree,Chominski,schominskie7@arizona.edu,Female,175.111.190.140
513,Baillie,Bromwich,bbromwiche8@dot.gov,Male,147.169.70.187
514,Artemas,Cridland,acridlande9@hp.com,Male,206.137.43.33
515,Aindrea,Gregorio,agregorioea@harvard.edu,Female,175.59.3.197
516,Raynor,Dumsday,rdumsdayeb@clickbank.net,Male,81.81.14.143
517,Jocelin,Yarnold,jyarnoldec@cdc.gov,Female,139.52.248.254
518,Jerrilee,Sextie,jsextieed@pbs.org,Female,146.50.77.69
519,Byrom,Wogdon,bwogdonee@indiegogo.com,Male,14.198.229.53
520,Devondra,Clare,dclareef@oracle.com,Female,226.7.176.200
521,Ginni,Dancer,gdancereg@psu.edu,Female,102.16.211.61
522,Toni,Macia,tmaciaeh@wired.com,Female,221.222.165.214
523,Noah,Moorhouse,nmoorhouseei@census.gov,Male,99.72.14.220
524,Jeniffer,Colquhoun,jcolquhounej@china.com.cn,Female,250.74.187.182
525,Erinn,Spikeings,espikeingsek@engadget.com,Female,126.77.57.217
526,Parsifal,Southward,psouthwardel@dion.ne.jp,Male,253.105.70.202
527,Flora,Neighbour,fneighbourem@mysql.com,Female,179.60.102.112
528,Kristyn,Kettlestringe,kkettlestringeen@privacy.gov.au,Female,216.245.48.14
529,Shirl,Rishbrook,srishbrookeo@fda.gov,Female,33.208.97.206
530,Iggy,Berzin,iberzinep@latimes.com,Male,224.118.178.129
531,Carolynn,Boeck,cboeckeq@facebook.com,Female,184.239.105.251
532,Abelard,Butson,abutsoner@merriam-webster.com,Male,149.233.159.244
533,Maurie,Shorte,mshortees@parallels.com,Male,179.83.39.18
534,Wolfie,Djuricic,wdjuricicet@51.la,Male,181.206.236.243
535,Sophia,Hillburn,shillburneu@com.com,Female,78.111.116.16
536,Armstrong,Monni,amonniev@guardian.co.uk,Male,93.24.207.185
537,Alwyn,Artz,aartzew@acquirethisname.com,Male,26.10.86.59
538,Lowe,Chamberlen,lchamberlenex@hostgator.com,Male,94.228.209.47
539,Cymbre,Dockery,cdockeryey@google.ca,Female,27.117.50.193
540,Romonda,Eddins,reddinsez@odnoklassniki.ru,Female,5.22.47.147
541,Magnum,Sollon,msollonf0@jugem.jp,Male,127.211.3.218
542,Sydelle,Tournie,stournief1@mozilla.com,Female,180.120.61.118
543,Lowrance,Stronack,lstronackf2@hubpages.com,Male,141.199.154.28
544,Taddeo,Gaskal,tgaskalf3@mayoclinic.com,Male,63.148.223.100
545,Belva,Aust,baustf4@cornell.edu,Female,48.97.63.203
546,Miller,Longhurst,mlonghurstf5@telegraph.co.uk,Male,171.20.196.1
547,Zena,Lanning,zlanningf6@adobe.com,Female,215.159.144.253
548,Hurley,Ghione,hghionef7@t.co,Male,137.187.64.177
549,Rourke,Chaloner,rchalonerf8@taobao.com,Male,183.5.147.69
550,Pietro,Grey,pgreyf9@kickstarter.com,Male,125.157.98.36
551,Raphael,Dow,rdowfa@bizjournals.com,Male,89.9.74.66
552,Rustin,Sallier,rsallierfb@cisco.com,Male,202.28.49.214
553,Tiffani,Trenchard,ttrenchardfc@yale.edu,Female,72.145.31.109
554,Edsel,Marzelle,emarzellefd@bbc.co.uk,Male,135.94.109.61
555,Marley,McEniry,mmceniryfe@xrea.com,Female,156.235.196.37
556,Monroe,Styan,mstyanff@nymag.com,Male,62.79.253.112
557,Uta,Aldred,ualdredfg@ameblo.jp,Female,59.41.217.151
558,Allis,Aleswell,aaleswellfh@wp.com,Female,198.170.45.137
559,Nanette,Bickerstaffe,nbickerstaffefi@reuters.com,Female,15.171.218.56
560,Batholomew,Dikels,bdikelsfj@1und1.de,Male,206.206.66.81
561,Redd,Scamerdine,rscamerdinefk@so-net.ne.jp,Male,153.26.79.93
562,Dorolice,Setterthwait,dsetterthwaitfl@last.fm,Female,56.223.243.68
563,Geoff,Leeb,gleebfm@nps.gov,Male,157.195.200.192
564,Morgan,O'Cosgra,mocosgrafn@cmu.edu,Male,79.131.63.59
565,Audrie,De la croix,adelacroixfo@redcross.org,Female,21.220.140.236
566,Devin,Castree,dcastreefp@rediff.com,Male,244.245.145.220
567,Janette,Gentery,jgenteryfq@homestead.com,Female,190.61.79.184
568,Moritz,Scholz,mscholzfr@parallels.com,Male,94.162.255.36
569,Ardenia,Waterstone,awaterstonefs@example.com,Female,126.218.117.72
570,Weidar,MacCosty,wmaccostyft@mapquest.com,Male,95.242.255.216
571,Fairleigh,Gwillym,fgwillymfu@japanpost.jp,Male,1.113.23.11
572,Thaddeus,Madison,tmadisonfv@weather.com,Male,212.207.68.127
573,Chadd,Choat,cchoatfw@is.gd,Male,52.161.159.209
574,Lorita,Leber,lleberfx@wordpress.com,Female,96.210.129.86
575,Alecia,Tall,atallfy@bandcamp.com,Female,84.53.184.159
576,Aubrie,Romera,aromerafz@indiatimes.com,Female,48.101.43.58
577,Loreen,Evetts,levettsg0@blinklist.com,Female,157.117.109.142
578,Salmon,Alenov,salenovg1@nsw.gov.au,Male,22.96.192.69
579,Lemar,Abbatt,labbattg2@howstuffworks.com,Male,103.170.109.70
580,Simone,Leivers,sleiversg3@goo.ne.jp,Female,17.207.133.102
581,Berthe,Cosby,bcosbyg4@howstuffworks.com,Female,72.202.176.106
582,William,Slora,wslorag5@shutterfly.com,Male,20.54.159.98
583,Hakeem,Leyshon,hleyshong6@reference.com,Male,137.8.251.53
584,Mar,Cruddas,mcruddasg7@printfriendly.com,Male,7.63.185.226
585,Gordon,McCaffery,gmccafferyg8@ocn.ne.jp,Male,44.141.128.199
586,Karoly,Winter,kwinterg9@godaddy.com,Male,219.58.164.252
587,Dehlia,Mallam,dmallamga@nytimes.com,Female,141.147.172.175
588,Eartha,Cannam,ecannamgb@abc.net.au,Female,239.55.206.26
589,Clarissa,Folk,cfolkgc@samsung.com,Female,72.4.216.212
590,Dixie,Ben-Aharon,dbenaharongd@nydailynews.com,Female,92.118.96.128
591,Mohandas,Tenwick,mtenwickge@earthlink.net,Male,255.9.139.118
592,Charline,Hazelgreave,chazelgreavegf@rediff.com,Female,151.162.195.195
593,Cullie,Gawne,cgawnegg@psu.edu,Male,15.102.61.140
594,Sterne,Orhtmann,sorhtmanngh@who.int,Male,153.72.181.231
595,Adamo,Woolstenholmes,awoolstenholmesgi@miibeian.gov.cn,Male,224.185.82.130
596,Eddy,MacRory,emacrorygj@lycos.com,Female,72.85.113.45
597,Grace,Willock,gwillockgk@admin.ch,Female,191.87.154.124
598,Erick,Madison,emadisongl@howstuffworks.com,Male,5.247.24.140
599,Hermy,Owtram,howtramgm@myspace.com,Male,210.206.202.161
600,Muriel,Backshell,mbackshellgn@hostgator.com,Female,237.119.62.24
601,Angus,Pegler,apeglergo@nydailynews.com,Male,34.173.63.57
602,Loralee,Gutowski,lgutowskigp@hostgator.com,Female,120.68.94.52
603,Sollie,Beardshall,sbeardshallgq@unc.edu,Male,59.18.202.48
604,Dulcine,Brister,dbristergr@dyndns.org,Female,63.204.217.31
605,Elbert,Rablin,erablings@51.la,Male,78.226.166.116
606,Audrey,Nockolds,anockoldsgt@wunderground.com,Female,247.2.98.128
607,Felice,Eady,feadygu@tuttocitta.it,Male,55.92.251.230
608,Joyous,Ghione,jghionegv@gmpg.org,Female,141.93.205.201
609,Skipper,Moughtin,smoughtingw@ucsd.edu,Male,114.218.97.243
610,Keriann,O'Scannill,koscannillgx@last.fm,Female,59.134.162.25
611,Rina,Cristofvao,rcristofvaogy@techcrunch.com,Female,74.95.191.176
612,Carlynn,Persse,cperssegz@is.gd,Female,61.135.117.189
613,Wald,Settle,wsettleh0@ca.gov,Male,156.183.11.109
614,Ingaborg,Heather,iheatherh1@artisteer.com,Female,69.121.177.12
615,Dyana,Wand,dwandh2@apache.org,Female,18.125.198.131
616,Lela,Petrazzi,lpetrazzih3@ovh.net,Female,79.13.54.135
617,Katerine,Zelake,kzelakeh4@ebay.com,Female,230.211.43.146
618,Amber,Jime,ajimeh5@vinaora.com,Female,223.32.189.175
619,Caroljean,Metterick,cmetterickh6@webs.com,Female,129.163.187.173
620,Max,Tighe,mtigheh7@parallels.com,Male,79.182.78.5
621,Sissie,Kurdani,skurdanih8@va.gov,Female,246.253.62.195
622,Elinore,Kas,ekash9@state.tx.us,Female,89.126.127.233
623,Werner,Bodimeade,wbodimeadeha@ustream.tv,Male,107.62.251.251
624,Anson,Marrill,amarrillhb@linkedin.com,Male,3.200.202.194
625,Sam,Keener,skeenerhc@acquirethisname.com,Male,65.100.0.236
626,Kelsey,Ephgrave,kephgravehd@japanpost.jp,Male,0.248.73.169
627,Olin,Trusty,otrustyhe@google.com.hk,Male,172.171.142.17
628,Shani,Joyes,sjoyeshf@va.gov,Female,168.225.93.73
629,Morgen,Dodridge,mdodridgehg@g.co,Male,106.21.185.168
630,Lucina,Giovannelli,lgiovannellihh@liveinternet.ru,Female,35.90.230.208
631,Ebeneser,Simm,esimmhi@mozilla.com,Male,43.117.156.204
632,Bennie,Hayland,bhaylandhj@slideshare.net,Female,17.245.72.118
633,Merell,Antonio,mantoniohk@springer.com,Male,178.221.229.21
634,Consolata,Andreasen,candreasenhl@netlog.com,Female,90.202.240.8
635,Darren,Buckney,dbuckneyhm@irs.gov,Male,29.198.91.83
636,Glynn,Plenty,gplentyhn@apache.org,Male,5.103.170.67
637,Eve,Krojn,ekrojnho@comcast.net,Female,141.97.89.135
638,Johnathon,Saunier,jsaunierhp@google.com.hk,Male,12.244.149.149
639,Waly,Dorset,wdorsethq@bloglovin.com,Female,24.219.31.19
640,Jamison,Pauleau,jpauleauhr@w3.org,Male,111.85.78.65
641,Clemens,Izatson,cizatsonhs@columbia.edu,Male,99.181.84.122
642,Eloise,Laphorn,elaphornht@netscape.com,Female,239.135.211.20
643,Torrance,Claeskens,tclaeskenshu@ftc.gov,Male,191.75.234.124
644,Lisle,Philipet,lphilipethv@aboutads.info,Male,75.203.247.250
645,Bobinette,Corr,bcorrhw@archive.org,Female,109.34.165.73
646,Zebulon,Cobleigh,zcobleighhx@liveinternet.ru,Male,133.133.9.189
647,Helga,Biesterfeld,hbiesterfeldhy@china.com.cn,Female,11.91.163.130
648,Ingeberg,Wrotham,iwrothamhz@mit.edu,Female,99.231.79.68
649,Kellie,Eustace,keustacei0@opensource.org,Female,186.168.54.215
650,Gothart,MacDunlevy,gmacdunlevyi1@cnn.com,Male,110.87.96.86
651,Selina,Weerdenburg,sweerdenburgi2@huffingtonpost.com,Female,51.212.137.133
652,Brook,Emanuele,bemanuelei3@barnesandnoble.com,Female,69.21.255.248
653,Grover,Gundrey,ggundreyi4@google.com,Male,118.38.172.150
654,Dennison,Unger,dungeri5@accuweather.com,Male,162.46.247.117
655,Ilario,Spear,ispeari6@issuu.com,Male,251.230.93.222
656,Ulises,Gwinnel,ugwinneli7@gnu.org,Male,164.238.180.109
657,Nadya,Tyrrell,ntyrrelli8@examiner.com,Female,224.177.24.170
658,Clarinda,Wayon,cwayoni9@google.co.uk,Female,206.156.81.6
659,Harriette,Laise,hlaiseia@jigsy.com,Female,208.157.118.242
660,Lishe,Morot,lmorotib@fda.gov,Female,177.244.84.72
661,Pooh,Barmby,pbarmbyic@prlog.org,Female,109.93.225.164
662,Marlon,Ickovicz,mickoviczid@timesonline.co.uk,Male,77.173.70.124
663,Winifield,Bayldon,wbayldonie@amazon.de,Male,72.82.176.136
664,Esther,Haylett,ehaylettif@friendfeed.com,Female,180.174.141.48
665,Marlee,Bonus,mbonusig@cnbc.com,Female,223.26.149.80
666,Cheri,Roskelley,croskelleyih@myspace.com,Female,151.80.10.231
667,Viki,Georgiev,vgeorgievii@huffingtonpost.com,Female,59.25.114.55
668,Nathanael,Chalfain,nchalfainij@symantec.com,Male,215.96.101.215
669,Chrystal,Lyfield,clyfieldik@opensource.org,Female,199.212.25.231
670,Jo-anne,McElwee,jmcelweeil@newsvine.com,Female,84.23.242.77
671,Goldy,Tydeman,gtydemanim@icio.us,Female,236.199.190.250
672,Kizzie,Mankor,kmankorin@wisc.edu,Female,142.172.131.211
673,Artur,Minty,amintyio@dmoz.org,Male,249.10.225.247
674,Christy,Lisett,clisettip@businessweek.com,Female,106.57.122.104
675,Lamont,Mockford,lmockfordiq@opera.com,Male,2.174.145.233
676,Joaquin,Nightingale,jnightingaleir@oaic.gov.au,Male,169.134.181.5
677,Chaunce,MacCaffery,cmaccafferyis@chicagotribune.com,Male,89.249.187.231
678,Hartwell,Paley,hpaleyit@posterous.com,Male,77.204.93.135
679,Danette,Matussevich,dmatussevichiu@google.es,Female,192.123.34.172
680,Gawain,Casone,gcasoneiv@independent.co.uk,Male,83.121.38.230
681,Adrian,Toffel,atoffeliw@wsj.com,Male,37.215.238.71
682,Ephrem,Critoph,ecritophix@wp.com,Male,196.172.109.100
683,Gerick,Goggen,ggoggeniy@mapy.cz,Male,192.162.209.199
684,Hayward,Hamblington,hhamblingtoniz@virginia.edu,Male,199.115.87.240
685,Ruggiero,Pimblotte,rpimblottej0@eventbrite.com,Male,146.163.10.210
686,Hyacinth,Hanstock,hhanstockj1@netscape.com,Female,226.140.188.163
687,Reginald,Narey,rnareyj2@blogtalkradio.com,Male,82.70.245.90
688,Joshuah,Sambrook,jsambrookj3@sun.com,Male,96.22.1.147
689,Carlin,Matthesius,cmatthesiusj4@biblegateway.com,Male,57.41.73.236
690,Land,Martinek,lmartinekj5@goo.ne.jp,Male,170.225.40.245
691,Arthur,Routham,arouthamj6@europa.eu,Male,224.251.60.184
692,Lauretta,Mingame,lmingamej7@vk.com,Female,235.93.172.242
693,Davy,Mackett,dmackettj8@friendfeed.com,Male,162.106.47.62
694,Janot,Alvares,jalvaresj9@ftc.gov,Female,252.34.24.178
695,Tedie,Bellew,tbellewja@instagram.com,Male,70.128.13.59
696,Micheil,Clampton,mclamptonjb@imgur.com,Male,195.198.251.103
697,Matias,Byrom,mbyromjc@cocolog-nifty.com,Male,0.39.133.236
698,Cecilius,Pickover,cpickoverjd@hibu.com,Male,224.101.68.233
699,Dyanne,Laugherane,dlaugheraneje@army.mil,Female,216.52.135.151
700,Emmott,Howgego,ehowgegojf@ning.com,Male,185.53.19.57
701,Bell,Chaytor,bchaytorjg@umn.edu,Female,6.163.7.27
702,Doralynn,Duff,dduffjh@google.es,Female,187.236.186.32
703,Amalle,Lidgey,alidgeyji@opera.com,Female,174.146.90.6
704,Sheelagh,Itscovitz,sitscovitzjj@linkedin.com,Female,254.118.222.136
705,Jayne,Launder,jlaunderjk@lulu.com,Female,148.24.84.142
706,Papageno,MacCheyne,pmaccheynejl@studiopress.com,Male,120.1.117.208
707,Carroll,Reiling,creilingjm@deliciousdays.com,Male,76.13.41.232
708,Mikel,Georgiades,mgeorgiadesjn@cafepress.com,Male,96.200.241.45
709,Francesco,Muzzillo,fmuzzillojo@amazon.co.uk,Male,13.244.121.159
710,Cassie,Michiel,cmichieljp@senate.gov,Female,41.52.145.240
711,Marcel,Clougher,mclougherjq@google.es,Male,34.62.44.2
712,Kristi,Garvin,kgarvinjr@plala.or.jp,Female,206.184.139.118
713,Evyn,Erratt,eerrattjs@prnewswire.com,Male,178.222.245.137
714,Nicola,Whimp,nwhimpjt@360.cn,Male,48.170.254.108
715,Anselm,Canada,acanadaju@microsoft.com,Male,130.74.188.168
716,Massimo,Lansbury,mlansburyjv@com.com,Male,247.37.236.97
717,Timothea,Dunston,tdunstonjw@canalblog.com,Female,120.126.88.68
718,Chelsy,McBride,cmcbridejx@hexun.com,Female,160.137.164.17
719,Miguelita,Bunn,mbunnjy@mysql.com,Female,250.95.76.216
720,Joannes,Muddiman,jmuddimanjz@smugmug.com,Female,41.91.227.225
721,Ricard,Duckworth,rduckworthk0@macromedia.com,Male,219.198.1.250
722,Marsiella,Angric,mangrick1@vkontakte.ru,Female,68.157.188.68
723,Obidiah,Wein,oweink2@indiatimes.com,Male,101.9.135.46
724,Roderick,MacKellar,rmackellark3@cisco.com,Male,67.252.181.113
725,Zabrina,Daughtry,zdaughtryk4@google.co.uk,Female,169.112.124.216
726,Duff,Goold,dgooldk5@skype.com,Male,244.221.48.64
727,Gard,Dannell,gdannellk6@mediafire.com,Male,170.220.66.150
728,Caleb,Ciccoloi,cciccoloik7@addthis.com,Male,226.132.254.150
729,Wit,Sproat,wsproatk8@bizjournals.com,Male,242.234.131.0
730,Janaye,Neillans,jneillansk9@cdbaby.com,Female,38.48.181.163
731,Joaquin,Cotgrove,jcotgroveka@stanford.edu,Male,54.184.61.21
732,Kippie,Krysztofiak,kkrysztofiakkb@nhs.uk,Female,144.79.199.112
733,Rafe,Maidens,rmaidenskc@usda.gov,Male,8.44.255.16
734,Brew,Winchcombe,bwinchcombekd@bloomberg.com,Male,2.72.65.189
735,Tripp,Fiddyment,tfiddymentke@bravesites.com,Male,148.159.26.99
736,Theodora,Painswick,tpainswickkf@ehow.com,Female,9.238.82.52
737,Abbey,Counter,acounterkg@jimdo.com,Female,142.149.214.253
738,Caleb,Bradick,cbradickkh@jiathis.com,Male,199.127.186.81
739,Mayne,Oakinfold,moakinfoldki@wix.com,Male,190.49.157.228
740,Dar,Stuckey,dstuckeykj@google.ru,Male,37.18.226.155
741,Jannel,Impson,jimpsonkk@sogou.com,Female,176.85.15.207
742,Waverley,MacPike,wmacpikekl@nifty.com,Male,118.241.169.138
743,Angelle,Muttitt,amuttittkm@home.pl,Female,230.65.244.6
744,Chrisy,Lanfere,clanferekn@dagondesign.com,Male,79.82.148.252
745,Holden,Fennick,hfennickko@posterous.com,Male,211.10.67.110
746,Augustus,Rawlyns,arawlynskp@deliciousdays.com,Male,64.165.38.178
747,Bink,Elms,belmskq@ebay.com,Male,26.18.73.41
748,Theodore,Seivwright,tseivwrightkr@bluehost.com,Male,48.84.99.65
749,Josephine,Raddin,jraddinks@odnoklassniki.ru,Female,6.89.192.6
750,Fredek,Tedman,ftedmankt@live.com,Male,148.228.232.115
751,Claudette,Binstead,cbinsteadku@zimbio.com,Female,133.22.224.14
752,Nissie,Tosh,ntoshkv@springer.com,Female,10.137.35.67
753,Vera,Kingsland,vkingslandkw@businessinsider.com,Female,153.225.151.164
754,Sarena,Millsom,smillsomkx@freewebs.com,Female,88.238.88.224
755,Jandy,Oaker,joakerky@cdc.gov,Female,230.17.175.118
756,Padget,Woltman,pwoltmankz@sbwire.com,Male,233.79.227.46
757,Giulietta,Treneer,gtreneerl0@un.org,Female,96.24.219.100
758,Riobard,Crosswaite,rcrosswaitel1@vkontakte.ru,Male,59.61.100.204
759,Twyla,Gorringe,tgorringel2@technorati.com,Female,15.114.229.191
760,Therese,Mattiussi,tmattiussil3@weebly.com,Female,246.206.132.252
761,Alessandro,Gascoigne,agascoignel4@intel.com,Male,246.115.0.244
762,Gabi,Nicholson,gnicholsonl5@prnewswire.com,Male,33.127.102.168
763,Isaiah,McBeath,imcbeathl6@slate.com,Male,255.102.207.47
764,Eyde,Leinthall,eleinthalll7@usda.gov,Female,102.72.207.198
765,Giffard,Akhurst,gakhurstl8@de.vu,Male,111.9.248.83
766,Darlene,Velasquez,dvelasquezl9@nytimes.com,Female,79.44.60.27
767,Thacher,Skamal,tskamalla@bloglovin.com,Male,163.62.137.191
768,Winny,Mc Cahey,wmccaheylb@moonfruit.com,Female,83.157.162.24
769,Gabi,Tasker,gtaskerlc@oaic.gov.au,Male,149.6.197.167
770,Morgana,Symonds,msymondsld@ifeng.com,Female,178.77.235.48
771,Torey,Guerry,tguerryle@cam.ac.uk,Female,220.211.209.99
772,Drugi,Gillion,dgillionlf@abc.net.au,Male,44.133.196.9
773,Willem,Elner,welnerlg@instagram.com,Male,76.253.0.114
774,Ardelia,Georger,ageorgerlh@ocn.ne.jp,Female,43.69.238.139
775,Noel,Impey,nimpeyli@narod.ru,Male,192.20.227.78
776,Clem,Worssam,cworssamlj@cafepress.com,Male,193.145.157.26
777,Michal,Biggerdike,mbiggerdikelk@last.fm,Female,9.250.7.110
778,Carlota,Soitoux,csoitouxll@reverbnation.com,Female,74.25.50.1
779,Tabbi,Bellocht,tbellochtlm@wp.com,Female,207.109.68.150
780,Tobiah,McGowran,tmcgowranln@fema.gov,Male,230.130.202.2
781,Barn,Palfreyman,bpalfreymanlo@alexa.com,Male,90.129.141.177
782,Joyce,Eathorne,jeathornelp@flickr.com,Female,203.133.92.35
783,Laurie,MacAleese,lmacaleeselq@clickbank.net,Male,168.246.239.251
784,Letitia,Boothebie,lboothebielr@furl.net,Female,95.136.77.183
785,Stirling,Ragat,sragatls@vkontakte.ru,Male,8.66.36.81
786,Lillis,O'Giany,logianylt@accuweather.com,Female,167.93.51.137
787,Lucas,Seiler,lseilerlu@bigcartel.com,Male,14.32.10.67
788,Parsifal,Amiss,pamisslv@google.it,Male,164.108.110.27
789,Ophelie,Sexcey,osexceylw@jugem.jp,Female,12.139.193.99
790,Fiorenze,Schreurs,fschreurslx@wikimedia.org,Female,202.201.169.173
791,Garrard,Chuney,gchuneyly@purevolume.com,Male,161.94.6.142
792,Pandora,Eddleston,peddlestonlz@va.gov,Female,227.98.216.241
793,Frederique,Odegaard,fodegaardm0@addthis.com,Female,240.140.191.56
794,Ava,Faustian,afaustianm1@elpais.com,Female,53.255.192.30
795,Burgess,Gannaway,bgannawaym2@flickr.com,Male,108.129.151.206
796,Helenka,Cucuzza,hcucuzzam3@omniture.com,Female,138.217.33.113
797,Barry,Roscoe,broscoem4@shutterfly.com,Male,39.109.167.66
798,Wynn,Hadcock,whadcockm5@bloomberg.com,Male,179.102.49.134
799,Kare,Tweedy,ktweedym6@mlb.com,Female,212.117.210.179
800,Moshe,Pierrepont,mpierrepontm7@fda.gov,Male,158.240.234.18
801,Mahala,Skotcher,mskotcherm8@istockphoto.com,Female,13.254.150.242
802,Susana,Scheffler,sschefflerm9@ucsd.edu,Female,229.188.255.70
803,Mindy,Togwell,mtogwellma@naver.com,Female,94.214.38.247
804,Marguerite,Tomisch,mtomischmb@behance.net,Female,140.173.116.95
805,Daryl,Hansana,dhansanamc@forbes.com,Male,150.123.108.27
806,Michaelina,Reina,mreinamd@bluehost.com,Female,66.228.52.53
807,Cob,Kiellor,ckiellorme@comsenz.com,Male,142.141.87.209
808,Viola,Jorg,vjorgmf@google.ca,Female,236.15.22.78
809,Sabina,Scowen,sscowenmg@webnode.com,Female,154.248.235.72
810,Eleanor,Olenin,eoleninmh@furl.net,Female,85.81.181.38
811,Purcell,Cripin,pcripinmi@xing.com,Male,109.87.102.4
812,Laureen,Hallick,lhallickmj@time.com,Female,149.77.98.127
813,Dario,Rodder,droddermk@mayoclinic.com,Male,242.132.227.235
814,Grissel,Defrain,gdefrainml@i2i.jp,Female,238.240.29.12
815,Jennie,Thrustle,jthrustlemm@w3.org,Female,181.43.6.73
816,Syman,Ellery,sellerymn@archive.org,Male,155.65.149.158
817,Joly,Dorian,jdorianmo@nymag.com,Female,146.215.13.250
818,Abbie,Segeswoeth,asegeswoethmp@theatlantic.com,Female,190.59.242.100
819,Mort,Orringe,morringemq@elegantthemes.com,Male,92.189.72.153
820,Nelli,Alster,nalstermr@delicious.com,Female,232.73.200.6
821,Tannie,Huske,thuskems@typepad.com,Male,131.17.56.232
822,Christyna,Carville,ccarvillemt@dagondesign.com,Female,43.22.216.85
823,Frannie,Tommaseo,ftommaseomu@indiatimes.com,Male,92.111.91.139
824,Glynis,Foye,gfoyemv@miitbeian.gov.cn,Female,141.139.177.132
825,Staford,Ellwood,sellwoodmw@fotki.com,Male,212.14.174.20
826,Klarika,Hardage,khardagemx@tumblr.com,Female,59.140.235.0
827,Ilaire,Weond,iweondmy@sphinn.com,Male,76.98.170.196
828,Reynard,Melbury,rmelburymz@ted.com,Male,32.153.36.208
829,Leona,Villa,lvillan0@patch.com,Female,134.107.89.100
830,Cull,Woolbrook,cwoolbrookn1@auda.org.au,Male,165.211.81.228
831,Erik,Haglinton,ehaglintonn2@t-online.de,Male,91.152.165.192
832,Jaynell,Weatherhogg,jweatherhoggn3@wp.com,Female,35.180.169.255
833,Timmi,Whistance,twhistancen4@wisc.edu,Female,231.135.102.160
834,Stormy,Wigelsworth,swigelsworthn5@nps.gov,Female,174.114.72.6
835,Faulkner,Alvey,falveyn6@dagondesign.com,Male,117.104.162.143
836,Janeva,Furzer,jfurzern7@gmpg.org,Female,146.202.61.7
837,Andria,Giacovazzo,agiacovazzon8@pbs.org,Female,21.205.27.12
838,Penni,Guiett,pguiettn9@dyndns.org,Female,206.187.114.128
839,Allister,Suttaby,asuttabyna@github.com,Male,175.144.36.151
840,Christina,Fielding,cfieldingnb@twitter.com,Female,185.50.240.248
841,Derrick,Chrisp,dchrispnc@mediafire.com,Male,59.60.161.66
842,Crin,Treneer,ctreneernd@pcworld.com,Female,182.254.210.94
843,Viviyan,Farfolomeev,vfarfolomeevne@utexas.edu,Female,186.86.122.240
844,Laney,Wollaston,lwollastonnf@wikia.com,Male,100.140.105.121
845,Stanton,Ouchterlony,souchterlonyng@photobucket.com,Male,122.10.223.243
846,Sissy,Cliburn,scliburnnh@mlb.com,Female,120.207.174.63
847,Tiphany,Batting,tbattingni@dailymotion.com,Female,39.136.194.228
848,Abbi,Endicott,aendicottnj@so-net.ne.jp,Female,241.84.0.15
849,Irv,Lindenblatt,ilindenblattnk@un.org,Male,237.121.44.123
850,Pattin,Jenner,pjennernl@mit.edu,Male,64.78.69.109
851,Clark,Fenelon,cfenelonnm@studiopress.com,Male,11.214.7.106
852,Torr,Rickardes,trickardesnn@netvibes.com,Male,175.54.104.45
853,Lionel,Cuzen,lcuzenno@desdev.cn,Male,199.180.60.15
854,Pascal,Wealthall,pwealthallnp@google.ru,Male,118.124.212.224
855,Michaela,MacArthur,mmacarthurnq@google.ca,Female,141.0.237.30
856,Luther,Pendall,lpendallnr@i2i.jp,Male,150.72.20.215
857,Judon,Hathaway,jhathawayns@topsy.com,Male,91.30.104.68
858,Kynthia,Dentith,kdentithnt@statcounter.com,Female,98.91.201.205
859,Culver,Brammall,cbrammallnu@cloudflare.com,Male,132.14.158.67
860,Sally,Battabee,sbattabeenv@nytimes.com,Female,185.139.29.101
861,Minna,MacKeeg,mmackeegnw@gov.uk,Female,166.111.108.34
862,Pembroke,Shovel,pshovelnx@indiegogo.com,Male,86.229.175.212
863,Craggy,Dickenson,cdickensonny@quantcast.com,Male,95.51.186.65
864,Stella,Harrod,sharrodnz@un.org,Female,163.135.138.73
865,Constance,Preto,cpretoo0@i2i.jp,Female,16.15.25.226
866,Hervey,Maccrea,hmaccreao1@nydailynews.com,Male,53.91.76.72
867,Robina,Bogace,rbogaceo2@nature.com,Female,190.17.214.33
868,Carter,MacKee,cmackeeo3@unc.edu,Male,90.157.65.253
869,Katlin,Graybeal,kgraybealo4@nymag.com,Female,1.191.237.80
870,Domenic,Coil,dcoilo5@wordpress.com,Male,148.191.174.85
871,Maura,Bengough,mbengougho6@sitemeter.com,Female,152.143.219.205
872,Basilius,Mariner,bmarinero7@techcrunch.com,Male,65.171.237.50
873,Adriena,Hartless,ahartlesso8@guardian.co.uk,Female,92.46.137.12
874,Florette,Vane,fvaneo9@wunderground.com,Female,116.130.79.250
875,Berton,Defraine,bdefraineoa@prlog.org,Male,104.241.183.148
876,Malissa,Beefon,mbeefonob@shutterfly.com,Female,32.241.30.36
877,Erica,Goatcher,egoatcheroc@naver.com,Female,103.255.161.175
878,Elsie,Cockings,ecockingsod@free.fr,Female,39.246.27.58
879,Mirella,Pladen,mpladenoe@woothemes.com,Female,51.56.139.95
880,Guendolen,Tolossi,gtolossiof@mediafire.com,Female,181.235.205.145
881,Addie,Huegett,ahuegettog@cnbc.com,Male,9.82.202.226
882,Gracia,Pooke,gpookeoh@nbcnews.com,Female,211.176.93.138
883,Leonore,Chrippes,lchrippesoi@uiuc.edu,Female,161.121.105.195
884,Codi,Mosedale,cmosedaleoj@cnet.com,Female,177.117.178.70
885,Aldridge,Otridge,aotridgeok@blinklist.com,Male,124.227.232.116
886,Guthry,Giacobilio,ggiacobiliool@dropbox.com,Male,59.64.247.20
887,Gae,Dehn,gdehnom@cnn.com,Female,253.254.200.251
888,Jaquelin,Aitcheson,jaitchesonon@csmonitor.com,Female,234.108.215.81
889,Fraser,Lynes,flynesoo@list-manage.com,Male,197.254.45.248
890,Beilul,Craigie,bcraigieop@php.net,Female,221.92.61.103
891,Kalinda,Luten,klutenoq@acquirethisname.com,Female,73.175.87.232
892,Carly,Biesty,cbiestyor@mapquest.com,Male,227.245.10.92
893,Neal,Haseldine,nhaseldineos@uol.com.br,Male,35.94.14.158
894,Winne,Dixie,wdixieot@ucla.edu,Female,230.183.62.147
895,Ramsay,Tulloch,rtullochou@senate.gov,Male,9.216.165.186
896,Sheff,Ivantyev,sivantyevov@harvard.edu,Male,200.22.245.18
897,Kennith,Allflatt,kallflattow@squidoo.com,Male,155.181.15.101
898,Thaxter,Jerrold,tjerroldox@marketwatch.com,Male,93.118.75.52
899,Patrizio,Tabert,ptabertoy@yellowbook.com,Male,45.234.108.232
900,Edan,Figge,efiggeoz@plala.or.jp,Male,162.116.147.244
901,Curcio,Durbann,cdurbannp0@tmall.com,Male,127.0.38.143
902,Vergil,Leaf,vleafp1@prlog.org,Male,18.123.112.100
903,Janette,Dureden,jduredenp2@51.la,Female,149.144.186.20
904,Fallon,Caslin,fcaslinp3@yellowbook.com,Female,166.174.47.18
905,Meggie,Kidstoun,mkidstounp4@technorati.com,Female,253.252.224.10
906,Tybalt,Domoney,tdomoneyp5@shinystat.com,Male,166.167.43.223
907,Keslie,Murkin,kmurkinp6@simplemachines.org,Female,47.172.121.70
908,Oswald,Killough,okilloughp7@fotki.com,Male,130.179.189.243
909,Rriocard,Allaway,rallawayp8@nifty.com,Male,0.234.206.178
910,Benito,Downage,bdownagep9@sitemeter.com,Male,192.102.201.101
911,Dene,Joron,djoronpa@theglobeandmail.com,Male,217.75.234.247
912,Yolande,Nozzolii,ynozzoliipb@over-blog.com,Female,154.193.216.26
913,Bryce,Grindrod,bgrindrodpc@wp.com,Male,244.187.153.144
914,Atalanta,Mallebone,amallebonepd@xinhuanet.com,Female,72.221.45.65
915,Anne-corinne,Aizikowitz,aaizikowitzpe@ucla.edu,Female,16.175.149.176
916,Carie,Kayzer,ckayzerpf@youku.com,Female,208.208.141.177
917,Doretta,McKerron,dmckerronpg@yahoo.co.jp,Female,44.46.78.94
918,Lane,Seston,lsestonph@hhs.gov,Male,202.188.185.185
919,Lindy,Stoodley,lstoodleypi@wunderground.com,Female,24.32.61.233
920,Isabella,Kinneir,ikinneirpj@army.mil,Female,226.70.229.138
921,Jarrad,Cratchley,jcratchleypk@blogspot.com,Male,63.231.59.94
922,Dallis,Jasiak,djasiakpl@usgs.gov,Male,117.35.59.103
923,Arabelle,Sprosson,asprossonpm@icio.us,Female,141.12.212.16
924,Ulrikaumeko,Aldin,ualdinpn@stumbleupon.com,Female,20.119.49.184
925,Glenda,Jeeks,gjeekspo@netscape.com,Female,178.74.202.122
926,Joelynn,Seater,jseaterpp@zdnet.com,Female,138.222.32.158
927,Mae,Pomery,mpomerypq@buzzfeed.com,Female,233.237.44.82
928,Avivah,Blakeborough,ablakeboroughpr@qq.com,Female,36.104.134.160
929,Osbourne,Streeting,ostreetingps@alexa.com,Male,157.185.107.66
930,Dreddy,Hearne,dhearnept@canalblog.com,Female,26.90.213.4
931,Patti,Argue,parguepu@aboutads.info,Female,243.220.240.64
932,Kristoffer,Dood,kdoodpv@economist.com,Male,160.2.68.34
933,Joyous,Rawlins,jrawlinspw@techcrunch.com,Female,109.32.16.171
934,Farlee,Ovell,fovellpx@seattletimes.com,Male,206.149.248.60
935,Lyman,Fellnee,lfellneepy@lulu.com,Male,229.113.124.231
936,Sheffie,Foffano,sfoffanopz@tiny.cc,Male,98.50.166.222
937,Cordie,Abramino,cabraminoq0@jiathis.com,Male,129.166.239.245
938,Alicia,Standeven,astandevenq1@prlog.org,Female,5.74.206.200
939,Erick,Kropach,ekropachq2@163.com,Male,168.169.154.154
940,Cindra,Billinge,cbillingeq3@accuweather.com,Female,247.46.96.74
941,Batsheva,Seabon,bseabonq4@t.co,Female,43.135.33.210
942,Maryrose,Tennison,mtennisonq5@tamu.edu,Female,180.191.137.222
943,Charissa,Skinn,cskinnq6@harvard.edu,Female,126.66.189.115
944,Giusto,Happel,ghappelq7@cpanel.net,Male,27.220.248.118
945,Bondie,Mounch,bmounchq8@ihg.com,Male,55.211.186.188
946,West,Stannas,wstannasq9@live.com,Male,248.111.43.182
947,Gonzalo,Killbey,gkillbeyqa@yandex.ru,Male,118.23.101.130
948,Ebeneser,Baterip,ebateripqb@dropbox.com,Male,110.113.199.89
949,Sancho,Ramshaw,sramshawqc@google.nl,Male,8.116.89.234
950,Colene,Maciejak,cmaciejakqd@topsy.com,Female,205.101.247.222
951,Kellsie,Teas,kteasqe@skyrock.com,Female,155.11.56.154
952,Damara,Doncaster,ddoncasterqf@state.tx.us,Female,92.241.236.231
953,Tonya,Evert,tevertqg@ask.com,Female,225.14.99.208
954,Heriberto,Standring,hstandringqh@oaic.gov.au,Male,14.54.93.144
955,Cleavland,Fairbairn,cfairbairnqi@altervista.org,Male,65.147.121.124
956,Cathryn,Shilleto,cshilletoqj@vk.com,Female,70.128.212.124
957,Brien,Churchill,bchurchillqk@forbes.com,Male,11.6.248.60
958,Galen,Stoter,gstoterql@google.cn,Male,5.238.15.8
959,Fraser,Perche,fpercheqm@fotki.com,Male,77.12.230.10
960,Ara,Sturrock,asturrockqn@marketwatch.com,Female,5.59.91.78
961,Joanna,Fandrich,jfandrichqo@amazon.co.uk,Female,63.118.131.235
962,Erie,Bulger,ebulgerqp@zdnet.com,Male,123.245.136.197
963,Orrin,Kilmurray,okilmurrayqq@cnbc.com,Male,26.136.241.133
964,Kasper,Shoulders,kshouldersqr@wp.com,Male,137.43.190.82
965,Danya,Tuvey,dtuveyqs@whitehouse.gov,Female,46.50.5.137
966,Ignaz,De Maria,idemariaqt@g.co,Male,92.220.128.186
967,Enid,Staveley,estaveleyqu@tamu.edu,Female,150.10.238.246
968,Gertrud,Gregorowicz,ggregorowiczqv@upenn.edu,Female,162.52.162.70
969,Rodie,Farnaby,rfarnabyqw@google.com.au,Female,225.234.192.177
970,Ferrel,Parsisson,fparsissonqx@hao123.com,Male,11.235.59.7
971,Theressa,Lashley,tlashleyqy@wikispaces.com,Female,24.178.214.92
972,Nevins,Hardwell,nhardwellqz@clickbank.net,Male,252.205.145.227
973,Hortensia,Minchindon,hminchindonr0@who.int,Female,110.126.98.122
974,Gennifer,Rodgier,grodgierr1@wordpress.org,Female,155.56.117.206
975,Sadie,Haug,shaugr2@youku.com,Female,7.13.232.239
976,Ted,Durnian,tdurnianr3@sakura.ne.jp,Male,43.227.172.63
977,Alicia,Sears,asearsr4@blogger.com,Female,239.213.17.82
978,Florry,Allibon,fallibonr5@w3.org,Female,201.206.157.50
979,Greggory,Starr,gstarrr6@cyberchimps.com,Male,52.192.69.25
980,Welch,Devonport,wdevonportr7@comcast.net,Male,142.243.214.118
981,Victor,Dampier,vdampierr8@who.int,Male,194.196.142.81
982,Wittie,Baptie,wbaptier9@uol.com.br,Male,33.99.212.151
983,Lauryn,Syphas,lsyphasra@vistaprint.com,Female,172.155.63.4
984,Rhonda,Josefsson,rjosefssonrb@instagram.com,Female,15.197.147.189
985,Gare,Lavall,glavallrc@bing.com,Male,17.75.58.29
986,Amabel,Bick,abickrd@nytimes.com,Female,156.130.154.27
987,Arin,Taylor,ataylorre@geocities.jp,Male,168.143.213.242
988,Eddi,Yeudall,eyeudallrf@cafepress.com,Female,78.108.7.232
989,Carleton,Gianasi,cgianasirg@psu.edu,Male,20.9.129.164
990,Mozelle,Chimes,mchimesrh@ucoz.com,Female,234.177.0.177
991,Courtney,Fitzhenry,cfitzhenryri@squidoo.com,Female,68.121.69.189
992,Aleece,Woodley,awoodleyrj@bandcamp.com,Female,171.208.240.3
993,Rivi,Roels,rroelsrk@skype.com,Female,76.224.149.171
994,Nollie,Tebbett,ntebbettrl@wufoo.com,Male,58.248.174.43
995,Teirtza,Garthshore,tgarthshorerm@mail.ru,Female,59.37.7.191
996,Irving,Buncombe,ibuncombern@csmonitor.com,Male,56.167.45.49
997,Callie,Leopold,cleopoldro@berkeley.edu,Female,144.109.33.41
998,Erie,Hoovart,ehoovartrp@so-net.ne.jp,Male,202.206.245.167
999,Aila,Rider,ariderrq@ibm.com,Female,126.233.78.49
1000,Kristian,Camerello,kcamerellorr@baidu.com,Male,170.210.7.10
